,name,url
0,Aboleth,/api/monsters/aboleth
1,Acolyte,/api/monsters/acolyte
2,Adult Black Dragon,/api/monsters/adult-black-dragon
3,Adult Blue Dragon,/api/monsters/adult-blue-dragon
4,Adult Brass Dragon,/api/monsters/adult-brass-dragon
5,Adult Bronze Dragon,/api/monsters/adult-bronze-dragon
6,Adult Copper Dragon,/api/monsters/adult-copper-dragon
7,Adult Gold Dragon,/api/monsters/adult-gold-dragon
8,Adult Green Dragon,/api/monsters/adult-green-dragon
9,Adult Red Dragon,/api/monsters/adult-red-dragon
10,Adult Silver Dragon,/api/monsters/adult-silver-dragon
11,Adult White Dragon,/api/monsters/adult-white-dragon
12,Air Elemental,/api/monsters/air-elemental
13,Ancient Black Dragon,/api/monsters/ancient-black-dragon
14,Ancient Blue Dragon,/api/monsters/ancient-blue-dragon
15,Ancient Brass Dragon,/api/monsters/ancient-brass-dragon
16,Ancient Bronze Dragon,/api/monsters/ancient-bronze-dragon
17,Ancient Copper Dragon,/api/monsters/ancient-copper-dragon
18,Ancient Gold Dragon,/api/monsters/ancient-gold-dragon
19,Ancient Green Dragon,/api/monsters/ancient-green-dragon
20,Ancient Red Dragon,/api/monsters/ancient-red-dragon
21,Ancient Silver Dragon,/api/monsters/ancient-silver-dragon
22,Ancient White Dragon,/api/monsters/ancient-white-dragon
23,Androsphinx,/api/monsters/androsphinx
24,Animated Armor,/api/monsters/animated-armor
25,Ankheg,/api/monsters/ankheg
26,Ape,/api/monsters/ape
27,Archmage,/api/monsters/archmage
28,Assassin,/api/monsters/assassin
29,Awakened Shrub,/api/monsters/awakened-shrub
30,Awakened Tree,/api/monsters/awakened-tree
31,Axe Beak,/api/monsters/axe-beak
32,Azer,/api/monsters/azer
33,Baboon,/api/monsters/baboon
34,Badger,/api/monsters/badger
35,Balor,/api/monsters/balor
36,Bandit,/api/monsters/bandit
37,Bandit Captain,/api/monsters/bandit-captain
38,Barbed Devil,/api/monsters/barbed-devil
39,Basilisk,/api/monsters/basilisk
40,Bat,/api/monsters/bat
41,Bearded Devil,/api/monsters/bearded-devil
42,Behir,/api/monsters/behir
43,Berserker,/api/monsters/berserker
44,Black Bear,/api/monsters/black-bear
45,Black Dragon Wyrmling,/api/monsters/black-dragon-wyrmling
46,Black Pudding,/api/monsters/black-pudding
47,Blink Dog,/api/monsters/blink-dog
48,Blood Hawk,/api/monsters/blood-hawk
49,Blue Dragon Wyrmling,/api/monsters/blue-dragon-wyrmling
50,Boar,/api/monsters/boar
51,Bone Devil,/api/monsters/bone-devil
52,Brass Dragon Wyrmling,/api/monsters/brass-dragon-wyrmling
53,Bronze Dragon Wyrmling,/api/monsters/bronze-dragon-wyrmling
54,Brown Bear,/api/monsters/brown-bear
55,Bugbear,/api/monsters/bugbear
56,Bulette,/api/monsters/bulette
57,Camel,/api/monsters/camel
58,Cat,/api/monsters/cat
59,Centaur,/api/monsters/centaur
60,Chain Devil,/api/monsters/chain-devil
61,Chimera,/api/monsters/chimera
62,Chuul,/api/monsters/chuul
63,Clay Golem,/api/monsters/clay-golem
64,Cloaker,/api/monsters/cloaker
65,Cloud Giant,/api/monsters/cloud-giant
66,Cockatrice,/api/monsters/cockatrice
67,Commoner,/api/monsters/commoner
68,Constrictor Snake,/api/monsters/constrictor-snake
69,Copper Dragon Wyrmling,/api/monsters/copper-dragon-wyrmling
70,Couatl,/api/monsters/couatl
71,Crab,/api/monsters/crab
72,Crocodile,/api/monsters/crocodile
73,Cult Fanatic,/api/monsters/cult-fanatic
74,Cultist,/api/monsters/cultist
75,Darkmantle,/api/monsters/darkmantle
76,Death Dog,/api/monsters/death-dog
77,Deep Gnome (Svirfneblin),/api/monsters/deep-gnome-svirfneblin
78,Deer,/api/monsters/deer
79,Deva,/api/monsters/deva
80,Dire Wolf,/api/monsters/dire-wolf
81,Djinni,/api/monsters/djinni
82,Doppelganger,/api/monsters/doppelganger
83,Draft Horse,/api/monsters/draft-horse
84,Dragon Turtle,/api/monsters/dragon-turtle
85,Dretch,/api/monsters/dretch
86,Drider,/api/monsters/drider
87,Drow,/api/monsters/drow
88,Druid,/api/monsters/druid
89,Dryad,/api/monsters/dryad
90,Duergar,/api/monsters/duergar
91,Dust Mephit,/api/monsters/dust-mephit
92,Eagle,/api/monsters/eagle
93,Earth Elemental,/api/monsters/earth-elemental
94,Efreeti,/api/monsters/efreeti
95,Elephant,/api/monsters/elephant
96,Elk,/api/monsters/elk
97,Erinyes,/api/monsters/erinyes
98,Ettercap,/api/monsters/ettercap
99,Ettin,/api/monsters/ettin
100,Fire Elemental,/api/monsters/fire-elemental
101,Fire Giant,/api/monsters/fire-giant
102,Flesh Golem,/api/monsters/flesh-golem
103,Flying Snake,/api/monsters/flying-snake
104,Flying Sword,/api/monsters/flying-sword
105,Frog,/api/monsters/frog
106,Frost Giant,/api/monsters/frost-giant
107,Gargoyle,/api/monsters/gargoyle
108,Gelatinous Cube,/api/monsters/gelatinous-cube
109,Ghast,/api/monsters/ghast
110,Ghost,/api/monsters/ghost
111,Ghoul,/api/monsters/ghoul
112,Giant Ape,/api/monsters/giant-ape
113,Giant Badger,/api/monsters/giant-badger
114,Giant Bat,/api/monsters/giant-bat
115,Giant Boar,/api/monsters/giant-boar
116,Giant Centipede,/api/monsters/giant-centipede
117,Giant Constrictor Snake,/api/monsters/giant-constrictor-snake
118,Giant Crab,/api/monsters/giant-crab
119,Giant Crocodile,/api/monsters/giant-crocodile
120,Giant Eagle,/api/monsters/giant-eagle
121,Giant Elk,/api/monsters/giant-elk
122,Giant Fire Beetle,/api/monsters/giant-fire-beetle
123,Giant Frog,/api/monsters/giant-frog
124,Giant Goat,/api/monsters/giant-goat
125,Giant Hyena,/api/monsters/giant-hyena
126,Giant Lizard,/api/monsters/giant-lizard
127,Giant Octopus,/api/monsters/giant-octopus
128,Giant Owl,/api/monsters/giant-owl
129,Giant Poisonous Snake,/api/monsters/giant-poisonous-snake
130,Giant Rat,/api/monsters/giant-rat
131,Giant Rat (Diseased),/api/monsters/giant-rat-diseased
132,Giant Scorpion,/api/monsters/giant-scorpion
133,Giant Sea Horse,/api/monsters/giant-sea-horse
134,Giant Shark,/api/monsters/giant-shark
135,Giant Spider,/api/monsters/giant-spider
136,Giant Toad,/api/monsters/giant-toad
137,Giant Vulture,/api/monsters/giant-vulture
138,Giant Wasp,/api/monsters/giant-wasp
139,Giant Weasel,/api/monsters/giant-weasel
140,Giant Wolf Spider,/api/monsters/giant-wolf-spider
141,Gibbering Mouther,/api/monsters/gibbering-mouther
142,Glabrezu,/api/monsters/glabrezu
143,Gladiator,/api/monsters/gladiator
144,Gnoll,/api/monsters/gnoll
145,Goat,/api/monsters/goat
146,Goblin,/api/monsters/goblin
147,Gold Dragon Wyrmling,/api/monsters/gold-dragon-wyrmling
148,Gorgon,/api/monsters/gorgon
149,Gray Ooze,/api/monsters/gray-ooze
150,Green Dragon Wyrmling,/api/monsters/green-dragon-wyrmling
151,Green Hag,/api/monsters/green-hag
152,Grick,/api/monsters/grick
153,Griffon,/api/monsters/griffon
154,Grimlock,/api/monsters/grimlock
155,Guard,/api/monsters/guard
156,Guardian Naga,/api/monsters/guardian-naga
157,Gynosphinx,/api/monsters/gynosphinx
158,Half-Red Dragon Veteran,/api/monsters/half-red-dragon-veteran
159,Harpy,/api/monsters/harpy
160,Hawk,/api/monsters/hawk
161,Hell Hound,/api/monsters/hell-hound
162,Hezrou,/api/monsters/hezrou
163,Hill Giant,/api/monsters/hill-giant
164,Hippogriff,/api/monsters/hippogriff
165,Hobgoblin,/api/monsters/hobgoblin
166,Homunculus,/api/monsters/homunculus
167,Horned Devil,/api/monsters/horned-devil
168,Hunter Shark,/api/monsters/hunter-shark
169,Hydra,/api/monsters/hydra
170,Hyena,/api/monsters/hyena
171,Ice Devil,/api/monsters/ice-devil
172,Ice Mephit,/api/monsters/ice-mephit
173,Imp,/api/monsters/imp
174,Invisible Stalker,/api/monsters/invisible-stalker
175,Iron Golem,/api/monsters/iron-golem
176,Jackal,/api/monsters/jackal
177,Killer Whale,/api/monsters/killer-whale
178,Knight,/api/monsters/knight
179,Kobold,/api/monsters/kobold
180,Kraken,/api/monsters/kraken
181,Lamia,/api/monsters/lamia
182,Lemure,/api/monsters/lemure
183,Lich,/api/monsters/lich
184,Lion,/api/monsters/lion
185,Lizard,/api/monsters/lizard
186,Lizardfolk,/api/monsters/lizardfolk
187,Mage,/api/monsters/mage
188,Magma Mephit,/api/monsters/magma-mephit
189,Magmin,/api/monsters/magmin
190,Mammoth,/api/monsters/mammoth
191,Manticore,/api/monsters/manticore
192,Marilith,/api/monsters/marilith
193,Mastiff,/api/monsters/mastiff
194,Medusa,/api/monsters/medusa
195,Merfolk,/api/monsters/merfolk
196,Merrow,/api/monsters/merrow
197,Mimic,/api/monsters/mimic
198,Minotaur,/api/monsters/minotaur
199,Minotaur Skeleton,/api/monsters/minotaur-skeleton
200,Mule,/api/monsters/mule
201,Mummy,/api/monsters/mummy
202,Mummy Lord,/api/monsters/mummy-lord
203,Nalfeshnee,/api/monsters/nalfeshnee
204,Night Hag,/api/monsters/night-hag
205,Nightmare,/api/monsters/nightmare
206,Noble,/api/monsters/noble
207,Ochre Jelly,/api/monsters/ochre-jelly
208,Octopus,/api/monsters/octopus
209,Ogre,/api/monsters/ogre
210,Ogre Zombie,/api/monsters/ogre-zombie
211,Oni,/api/monsters/oni
212,Orc,/api/monsters/orc
213,Otyugh,/api/monsters/otyugh
214,Owl,/api/monsters/owl
215,Owlbear,/api/monsters/owlbear
216,Panther,/api/monsters/panther
217,Pegasus,/api/monsters/pegasus
218,Phase Spider,/api/monsters/phase-spider
219,Pit Fiend,/api/monsters/pit-fiend
220,Planetar,/api/monsters/planetar
221,Plesiosaurus,/api/monsters/plesiosaurus
222,Poisonous Snake,/api/monsters/poisonous-snake
223,Polar Bear,/api/monsters/polar-bear
224,Pony,/api/monsters/pony
225,Priest,/api/monsters/priest
226,Pseudodragon,/api/monsters/pseudodragon
227,Purple Worm,/api/monsters/purple-worm
228,Quasit,/api/monsters/quasit
229,Quipper,/api/monsters/quipper
230,Rakshasa,/api/monsters/rakshasa
231,Rat,/api/monsters/rat
232,Raven,/api/monsters/raven
233,Red Dragon Wyrmling,/api/monsters/red-dragon-wyrmling
234,Reef Shark,/api/monsters/reef-shark
235,Remorhaz,/api/monsters/remorhaz
236,Rhinoceros,/api/monsters/rhinoceros
237,Riding Horse,/api/monsters/riding-horse
238,Roc,/api/monsters/roc
239,Roper,/api/monsters/roper
240,Rug of Smothering,/api/monsters/rug-of-smothering
241,Rust Monster,/api/monsters/rust-monster
242,Saber-Toothed Tiger,/api/monsters/saber-toothed-tiger
243,Sahuagin,/api/monsters/sahuagin
244,Salamander,/api/monsters/salamander
245,Satyr,/api/monsters/satyr
246,Scorpion,/api/monsters/scorpion
247,Scout,/api/monsters/scout
248,Sea Hag,/api/monsters/sea-hag
249,Sea Horse,/api/monsters/sea-horse
250,Shadow,/api/monsters/shadow
251,Shambling Mound,/api/monsters/shambling-mound
252,Shield Guardian,/api/monsters/shield-guardian
253,Shrieker,/api/monsters/shrieker
254,Silver Dragon Wyrmling,/api/monsters/silver-dragon-wyrmling
255,Skeleton,/api/monsters/skeleton
256,Solar,/api/monsters/solar
257,Specter,/api/monsters/specter
258,Spider,/api/monsters/spider
259,Spirit Naga,/api/monsters/spirit-naga
260,Sprite,/api/monsters/sprite
261,Spy,/api/monsters/spy
262,Steam Mephit,/api/monsters/steam-mephit
263,Stirge,/api/monsters/stirge
264,Stone Giant,/api/monsters/stone-giant
265,Stone Golem,/api/monsters/stone-golem
266,Storm Giant,/api/monsters/storm-giant
267,Succubus/Incubus,/api/monsters/succubus-incubus
268,Swarm of Bats,/api/monsters/swarm-of-bats
269,Swarm of Beetles,/api/monsters/swarm-of-beetles
270,Swarm of Centipedes,/api/monsters/swarm-of-centipedes
271,Swarm of Insects,/api/monsters/swarm-of-insects
272,Swarm of Poisonous Snakes,/api/monsters/swarm-of-poisonous-snakes
273,Swarm of Quippers,/api/monsters/swarm-of-quippers
274,Swarm of Rats,/api/monsters/swarm-of-rats
275,Swarm of Ravens,/api/monsters/swarm-of-ravens
276,Swarm of Spiders,/api/monsters/swarm-of-spiders
277,Swarm of Wasps,/api/monsters/swarm-of-wasps
278,Tarrasque,/api/monsters/tarrasque
279,Thug,/api/monsters/thug
280,Tiger,/api/monsters/tiger
281,Treant,/api/monsters/treant
282,Tribal Warrior,/api/monsters/tribal-warrior
283,Triceratops,/api/monsters/triceratops
284,Troll,/api/monsters/troll
285,Tyrannosaurus Rex,/api/monsters/tyrannosaurus-rex
286,Unicorn,/api/monsters/unicorn
287,"Vampire, Bat Form",/api/monsters/vampire-bat
288,"Vampire, Mist Form",/api/monsters/vampire-mist
289,Vampire Spawn,/api/monsters/vampire-spawn
290,"Vampire, Vampire Form",/api/monsters/vampire-vampire
291,Veteran,/api/monsters/veteran
292,Violet Fungus,/api/monsters/violet-fungus
293,Vrock,/api/monsters/vrock
294,Vulture,/api/monsters/vulture
295,Warhorse,/api/monsters/warhorse
296,Warhorse Skeleton,/api/monsters/warhorse-skeleton
297,Water Elemental,/api/monsters/water-elemental
298,Weasel,/api/monsters/weasel
299,"Werebear, Bear Form",/api/monsters/werebear-bear
300,"Werebear, Human Form",/api/monsters/werebear-human
301,"Werebear, Hybrid Form",/api/monsters/werebear-hybrid
302,"Wereboar, Boar Form",/api/monsters/wereboar-boar
303,"Wereboar, Human Form",/api/monsters/wereboar-human
304,"Wereboar, Hybrid Form",/api/monsters/wereboar-hybrid
305,"Wererat, Human Form",/api/monsters/wererat-human
306,"Wererat, Hybrid Form",/api/monsters/wererat-hybrid
307,"Wererat, Rat Form",/api/monsters/wererat-rat
308,"Weretiger, Human Form",/api/monsters/weretiger-human
309,"Weretiger, Hybrid Form",/api/monsters/weretiger-hybrid
310,"Weretiger, Tiger Form",/api/monsters/weretiger-tiger
311,"Werewolf, Human Form",/api/monsters/werewolf-human
312,"Werewolf, Hybrid Form",/api/monsters/werewolf-hybrid
313,"Werewolf, Wolf Form",/api/monsters/werewolf-wolf
314,White Dragon Wyrmling,/api/monsters/white-dragon-wyrmling
315,Wight,/api/monsters/wight
316,Will-o'-Wisp,/api/monsters/will-o-wisp
317,Winter Wolf,/api/monsters/winter-wolf
318,Wolf,/api/monsters/wolf
319,Worg,/api/monsters/worg
320,Wraith,/api/monsters/wraith
321,Wyvern,/api/monsters/wyvern
322,Xorn,/api/monsters/xorn
323,Young Black Dragon,/api/monsters/young-black-dragon
324,Young Blue Dragon,/api/monsters/young-blue-dragon
325,Young Brass Dragon,/api/monsters/young-brass-dragon
326,Young Bronze Dragon,/api/monsters/young-bronze-dragon
327,Young Copper Dragon,/api/monsters/young-copper-dragon
328,Young Gold Dragon,/api/monsters/young-gold-dragon
329,Young Green Dragon,/api/monsters/young-green-dragon
330,Young Red Dragon,/api/monsters/young-red-dragon
331,Young Silver Dragon,/api/monsters/young-silver-dragon
332,Young White Dragon,/api/monsters/young-white-dragon
333,Zombie,/api/monsters/zombie
